company_name,company_email,source_site,source_url,contact_page,phone,website,country_guess,buyer_signal
Let Us know What you Need,,ExportersIndia,https://www.exportersindia.com/post-buy-requirement.php,https://www.exportersindia.com/register-business-online?joinfree=pyrregnow,1997-2026,http://www.enable-javascript.com/,India,buyer/importer; distributor/wholesaler
Top B2B Seller Directory in India,,ExportersIndia,https://www.exportersindia.com/industry/,https://www.exportersindia.com/register-business-online?joinfree=header,1997-2026,http://jobs.weblink.in/,India,buyer/importer; distributor/wholesaler
Indian Manufacturers Directory,,ExportersIndia,https://www.exportersindia.com/indian-manufacturers/,https://www.exportersindia.com/register-business-online?joinfree=header,1997-2026,http://jobs.weblink.in/,India,buyer/importer; distributor/wholesaler
Global B2B Marketplace for Worldwide Suppliers & Buyers,,ExportersIndia,https://www.exportersindia.com/b2b-marketplace.htm,https://www.exportersindia.com/register-business-online?joinfree=header,1997-2026,http://jobs.weblink.in/,India,buyer/importer; distributor/wholesaler
Buy Leads & Trade Leads from Verified Buyers,,ExportersIndia,https://www.exportersindia.com/buyers/,https://www.exportersindia.com/register-business-online?joinfree=header,1997-2026,http://jobs.weblink.in/,India,buyer/importer; distributor/wholesaler
"Submit Feedback, Suggestions & Report Issues",,ExportersIndia,https://www.exportersindia.com/feedback.htm,https://www.exportersindia.com/register-business-online?joinfree=header,1997-2026,http://jobs.weblink.in/,India,buyer/importer; distributor/wholesaler
ExportersIndia Complaint Form,,ExportersIndia,https://www.exportersindia.com/complaint.htm,https://www.exportersindia.com/register-business-online?joinfree=header,1997-2026,http://jobs.weblink.in/,India,buyer/importer; distributor/wholesaler
Advertise with Us,,ExportersIndia,https://www.exportersindia.com/advertise/,https://www.exportersindia.com/register-business-online,1997-2026,http://www.enable-javascript.com/,India,buyer/importer; distributor/wholesaler
India’s Leading B2B Marketplace for Manufacturers & Suppliers,,ExportersIndia,https://www.exportersindia.com/,https://www.exportersindia.com/register-business-online?joinfree=header,1997-2026,https://www.matrimonialsindia.com,India,buyer/importer; distributor/wholesaler
"Agricultural Products, Agriculture Equipment & Accessories",,ExportersIndia,https://www.exportersindia.com/industry/agriculture.htm,https://www.exportersindia.com/register-business-online?joinfree=header,1000 1000,http://jobs.weblink.in/,India,buyer/importer; distributor/wholesaler; potato-processor
Apparel & Fashion Accessories Suppliers,,ExportersIndia,https://www.exportersindia.com/industry/fashion-apparel.htm,https://www.exportersindia.com/register-business-online?joinfree=header,-10010011,http://jobs.weblink.in/,India,buyer/importer; distributor/wholesaler
Automobile Parts & Accessories,,ExportersIndia,https://www.exportersindia.com/industry/automobile.htm,https://www.exportersindia.com/register-business-online?joinfree=header,1000 1000,http://jobs.weblink.in/,India,buyer/importer; distributor/wholesaler
Ayurvedic & Herbal Products,,ExportersIndia,https://www.exportersindia.com/industry/ayurvedic-herbal.htm,https://www.exportersindia.com/register-business-online?joinfree=header,1997-2026,http://jobs.weblink.in/,India,buyer/importer; distributor/wholesaler
Service Providers & Consultants Directory,,ExportersIndia,https://www.exportersindia.com/indian-services/,https://www.exportersindia.com/register-business-online?joinfree=header,1997-2026,http://jobs.weblink.in/,India,buyer/importer; distributor/wholesaler
Chemical & Chemical Products,,ExportersIndia,https://www.exportersindia.com/industry/chemicals.htm,https://www.exportersindia.com/register-business-online?joinfree=header,1997-2026,http://jobs.weblink.in/,India,buyer/importer; distributor/wholesaler
Computer Hardware & Peripherals,,ExportersIndia,https://www.exportersindia.com/industry/computers-internet.htm,https://www.exportersindia.com/register-business-online?joinfree=header,1997-2026,http://jobs.weblink.in/,India,buyer/importer; distributor/wholesaler
"Real Estate, Building, Construction Material & Services",,ExportersIndia,https://www.exportersindia.com/industry/realestate-construction.htm,https://www.exportersindia.com/register-business-online?joinfree=header,100-1000,http://jobs.weblink.in/,India,buyer/importer; distributor/wholesaler; potato-processor
Consumer Electronics & Household Appliances,,ExportersIndia,https://www.exportersindia.com/industry/consumer-electronics.htm,https://www.exportersindia.com/register-business-online?joinfree=header,11500 11500,http://jobs.weblink.in/,India,buyer/importer; distributor/wholesaler
Electronics & Electrical,,ExportersIndia,https://www.exportersindia.com/industry/electronics-electrical.htm,https://www.exportersindia.com/register-business-online?joinfree=header,100-1000,http://jobs.weblink.in/,India,buyer/importer; distributor/wholesaler
Corporate Finance & Accounting Services,,ExportersIndia,https://www.exportersindia.com/indian-services/financial.htm,https://www.exportersindia.com/register-business-online?joinfree=header,1997-2026,http://jobs.weblink.in/,India,buyer/importer; distributor/wholesaler
Furniture & Carpentry Services,,ExportersIndia,https://www.exportersindia.com/industry/furniture.htm,https://www.exportersindia.com/register-business-online?joinfree=header,1600 1600,http://jobs.weblink.in/,India,buyer/importer; distributor/wholesaler
Food & Beverage Products Suppliers,,ExportersIndia,https://www.exportersindia.com/industry/food-beverages.htm,https://www.exportersindia.com/register-business-online?joinfree=header,1997-2026,http://jobs.weblink.in/,India,buyer/importer; distributor/wholesaler; potato-processor
"Gifts, Crafts & Handicraft Manufacturers and Suppliers in India",,ExportersIndia,https://www.exportersindia.com/industry/gifts-crafts.htm,https://www.exportersindia.com/register-business-online?joinfree=header,1997-2026,http://jobs.weblink.in/,India,buyer/importer; distributor/wholesaler
Pharmaceutical & Healthcare Products,,ExportersIndia,https://www.exportersindia.com/industry/health-beauty.htm,https://www.exportersindia.com/register-business-online?joinfree=header,1997-2026,http://jobs.weblink.in/,India,buyer/importer; distributor/wholesaler; potato-processor
Home Supplies & Household Products,,ExportersIndia,https://www.exportersindia.com/industry/home-supplies.htm,https://www.exportersindia.com/register-business-online?joinfree=header,1000 1000,http://jobs.weblink.in/,India,buyer/importer; distributor/wholesaler; potato-processor
Free Sign Up - Share Your Business Details and Start Growing,,Go4WorldBusiness,https://www.go4worldbusiness.com/member/new,https://www.go4worldbusiness.com/member/new,1 2 3 4 5 6 7 8,https://apps.apple.com/us/app/go4worldbusiness-com/id6670530164,India,buyer/importer; distributor/wholesaler; potato-processor
Please Login,,Go4WorldBusiness,https://www.go4worldbusiness.com/member/console/edit/manageproducts,https://www.go4worldbusiness.com/member/console/edit/manageproducts,1 2 3 4 5 6 7 8,https://apps.apple.com/us/app/go4worldbusiness-com/id6670530164,India,buyer/importer; distributor/wholesaler; potato-processor
